{
    "cos_gwtheta": 0.6818968932143022,
    "gwphi": 0.6247850534696543,
    "log10_F": -7.219263270491185,
    "tref": 4548096000.0,
    "gwdist": 94.17
}
